{
  "loss": 0.9865480398756306,
  "acc": 0.8012630747977106,
  "macro_f1": 0.7732496329615995,
  "balanced_acc": 0.7748353704957766,
  "report": {
    "Low Risk": {
      "precision": 0.8959608323133414,
      "recall": 0.8524844720496895,
      "f1-score": 0.8736821165705192,
      "support": 2576.0
    },
    "Medium Risk": {
      "precision": 0.7094972067039106,
      "recall": 0.6887201735357917,
      "f1-score": 0.6989543203082004,
      "support": 922.0
    },
    "High Risk": {
      "precision": 0.7141196978500871,
      "recall": 0.7833014659018483,
      "f1-score": 0.7471124620060791,
      "support": 1569.0
    },
    "accuracy": 0.8012630747977106,
    "macro avg": {
      "precision": 0.7731925789557798,
      "recall": 0.7748353704957766,
      "f1-score": 0.7732496329615995,
      "support": 5067.0
    },
    "weighted avg": {
      "precision": 0.8057243604789737,
      "recall": 0.8012630747977106,
      "f1-score": 0.8026959677318642,
      "support": 5067.0
    }
  },
  "confusion_matrix": [
    [
      2196,
      95,
      285
    ],
    [
      80,
      635,
      207
    ],
    [
      175,
      165,
      1229
    ]
  ]
}